column,pct_unique,freq_ratio
 Fwd URG Flags,7.929076000986377e-05,31528.525
 RST Flag Count,7.929076000986377e-05,3675.912536443149
 CWE Flag Count,7.929076000986377e-05,31528.525
 ECE Flag Count,7.929076000986377e-05,3659.9027576197386
